plot,50%
D100-1,1.5576953875200001
D100-2,0.3539854752
E1-1,0.6769879168
E1-2,6.05768192568402
E10-1,7.0308405068416
E10-2,4.14039396352
E100-1,0.12137263808
E100-2,2.1306551059200003
F100-1,3.7524268339199995
F100-2,2.8070376287072
OG2-E,35.092098898559996
OG2-N,35.8430832029784
OG2-W,19.007607197120002
