plot,50%
D,1.5576953875200001
E,2.3812928953599997
F,3.7524268339199995
O,23.456774568320004
