plot,agb
D,1.217018364768
E,4.14039396352
OG2,29.274436733439998
OG3,18.55140849536
OP1,0.186782
OP2,0.3214468
OP3,0.0
VJR,15.262123123199999
