plot,stem_C
BNorth,2.636123114775058
BSouth,1.4694519643473212
Belian,16.804129981244458
DC1,11.6335411228431
DC2,10.321302920447335
E,5.387510337970992
LF,5.360908496969821
Seraya,13.020210435086703
Tower,2.3011316375712685
